[
  {
    "id": 1,
    "foodName": "Double Cheeseburger",
    "foodType": "Burger",
    "calories": 560,
    "nutrients": {
      "protein": 35,
      "fat": 30,
      "carbohydrates": 40
    }
  },
  {
    "id": 2,
    "foodName": "Bacon Cheeseburger with Mayo",
    "foodType": "Burger",
    "calories": 870,
    "nutrients": {
      "protein": 40,
      "fat": 45,
      "carbohydrates": 50
    }
  },
  {
    "id": 3,
    "foodName": "Burger with Ketchup",
    "foodType": "Burger",
    "calories": 680,
    "nutrients": {
      "protein": 30,
      "fat": 25,
      "carbohydrates": 35
    }
  },
  {
    "id": 4,
    "foodName": "Burger with Mustard",
    "foodType": "Burger",
    "calories": 670,
    "nutrients": {
      "protein": 30,
      "fat": 25,
      "carbohydrates": 35
    }
  },
  {
    "id": 5,
    "foodName": "Cheeseburger",
    "foodType": "Burger",
    "calories": 730,
    "nutrients": {
      "protein": 35,
      "fat": 30,
      "carbohydrates": 40
    }
  },
  {
    "id": 6,
    "foodName": "Cheeseburger with Ketchup",
    "foodType": "Burger",
    "calories": 750,
    "nutrients": {
      "protein": 35,
      "fat": 30,
      "carbohydrates": 40
    }
  },
  {
    "id": 7,
    "foodName": "Cheeseburger with Mayo",
    "foodType": "Burger",
    "calories": 780,
    "nutrients": {
      "protein": 35,
      "fat": 35,
      "carbohydrates": 45
    }
  },
  {
    "id": 8,
    "foodName": "Cheeseburger with Mustard",
    "foodType": "Burger",
    "calories": 730,
    "nutrients": {
      "protein": 35,
      "fat": 30,
      "carbohydrates": 40
    }
  },
  {
    "id": 9,
    "foodName": "Bacon Double Cheeseburger with Mayo",
    "foodType": "Burger",
    "calories": 1280,
    "nutrients": {
      "protein": 50,
      "fat": 60,
      "carbohydrates": 70
    }
  },
  {
    "id": 10,
    "foodName": "Double Cheeseburger with Ketchup",
    "foodType": "Burger",
    "calories": 1160,
    "nutrients": {
      "protein": 45,
      "fat": 50,
      "carbohydrates": 60
    }
  },
  {
    "id": 11,
    "foodName": "Double Cheeseburger with Mayo",
    "foodType": "Burger",
    "calories": 1280,
    "nutrients": {
      "protein": 50,
      "fat": 60,
      "carbohydrates": 70
    }
  },
  {
    "id": 12,
    "foodName": "Veggie Burger with Ketchup",
    "foodType": "Burger",
    "calories": 490,
    "nutrients": {
      "protein": 20,
      "fat": 15,
      "carbohydrates": 30
    }
  },
  {
    "id": 13,
    "foodName": "Veggie Burger with Mayo",
    "foodType": "Burger",
    "calories": 520,
    "nutrients": {
      "protein": 20,
      "fat": 20,
      "carbohydrates": 35
    }
  },
  {
    "id": 14,
    "foodName": "Veggie Burger with Mustard",
    "foodType": "Burger",
    "calories": 470,
    "nutrients": {
      "protein": 20,
      "fat": 15,
      "carbohydrates": 30
    }
  },{
  "id": 15,
  "foodName": "Apple",
  "foodType": "Fruit",
  "calories": 95,
  "nutrients": {
    "protein": 0.3,
    "fat": 0.2,
    "carbohydrates": 25
  }
},
  {
    "id": 16,
    "foodName": "Banana",
    "foodType": "Fruit",
    "calories": 105,
    "nutrients": {
      "protein": 1.3,
      "fat": 0.3,
      "carbohydrates": 27
    }
  },
  {
    "id": 17,
    "foodName": "Carrot",
    "foodType": "Vegetable",
    "calories": 45,
    "nutrients": {
      "protein": 0.9,
      "fat": 0.2,
      "carbohydrates": 11
    }
  },
  {
    "id": 18,
    "foodName": "Chicken Breast",
    "foodType": "Meat",
    "calories": 165,
    "nutrients": {
      "protein": 31,
      "fat": 3.6,
      "carbohydrates": 0
    }
  },
  {
    "id": 19,
    "foodName": "Quinoa",
    "foodType": "Grain",
    "calories": 150,
    "nutrients": {
      "protein": 8,
      "fat": 2,
      "carbohydrates": 30
    }
  },
  {
    "id": 20,
    "foodName": "Rice",
    "foodType": "Grain",
    "calories": 130,
    "nutrients": {
      "protein": 2,
      "fat": 0.5,
      "carbohydrates": 30
    }
  },
  {
    "id": 21,
    "foodName": "Sweet Potato",
    "foodType": "Vegetable",
    "calories": 105,
    "nutrients": {
      "protein": 2,
      "fat": 0.2,
      "carbohydrates": 25
    }
  },
  {
    "id": 22,
    "foodName": "Tomato",
    "foodType": "Vegetable",
    "calories": 22,
    "nutrients": {
      "protein": 1,
      "fat": 0.2,
      "carbohydrates": 5
    }
  },
  {
    "id": 23,
    "foodName": "Turkey Breast",
    "foodType": "Meat",
    "calories": 140,
    "nutrients": {
      "protein": 30,
      "fat": 3,
      "carbohydrates": 0
    }
  },
  {
    "id": 24,
    "foodName": "Avocado",
    "foodType": "Fruit",
    "calories": 160,
    "nutrients": {
      "protein": 3,
      "fat": 14,
      "carbohydrates": 9
    }
  },
  {
    "id": 25,
    "foodName": "Broccoli",
    "foodType": "Vegetable",
    "calories": 55,
    "nutrients": {
      "protein": 2.5,
      "fat": 0.5,
      "carbohydrates": 11
    }
  },
  {
    "id": 26,
    "foodName": "Cauliflower",
    "foodType": "Vegetable",
    "calories": 25,
    "nutrients": {
      "protein": 1.5,
      "fat": 0.5,
      "carbohydrates": 5
    }
  },
  {
    "id": 27,
    "foodName": "Chicken Thigh",
    "foodType": "Meat",
    "calories": 140,
    "nutrients": {
      "protein": 20,
      "fat": 10,
      "carbohydrates": 0
    }
  },
  {
    "id": 28,
    "foodName": "Egg",
    "foodType": "Dairy",
    "calories": 70,
    "nutrients": {
      "protein": 6,
      "fat": 5,
      "carbohydrates": 0
    }
  },
  {
    "id": 156,
    "foodName": "Pineapple",
    "foodType": "Fruit",
    "calories": 82,
    "nutrients": {
      "protein": 1,
      "fat": 0.2,
      "carbohydrates": 22
    }
  },
  {
    "id": 157,
    "foodName": "Pork Chop",
    "foodType": "Meat",
    "calories": 240,
    "nutrients": {
      "protein": 35,
      "fat": 15,
      "carbohydrates": 0
    }
  },
  {
    "id": 158,
    "foodName": "Potato",
    "foodType": "Vegetable",
    "calories": 110,
    "nutrients": {
      "protein": 2,
      "fat": 0.2,
      "carbohydrates": 26
    }
  },
  {
    "id": 159,
    "foodName": "Rice Cake",
    "foodType": "Grain",
    "calories": 120,
    "nutrients": {
      "protein": 2,
      "fat": 2,
      "carbohydrates": 25
    }
  },
  {
    "id": 160,
    "foodName": "Salmon",
    "foodType": "Fish",
    "calories": 180,
    "nutrients": {
      "protein": 35,
      "fat": 10,
      "carbohydrates": 0
    }
  },
  {
    "id": 161,
    "foodName": "Shrimp",
    "foodType": "Seafood",
    "calories": 120,
    "nutrients": {
      "protein": 20,
      "fat": 2,
      "carbohydrates": 0
    }
  },
  {
    "id": 162,
    "foodName": "Spinach",
    "foodType": "Vegetable",
    "calories": 20,
    "nutrients": {
      "protein": 3,
      "fat": 0.5,
      "carbohydrates": 4
    }
  },
  {
    "id": 163,
    "foodName": "Strawberry",
    "foodType": "Fruit",
    "calories": 50,
    "nutrients": {
      "protein": 1,
      "fat": 0.5,
      "carbohydrates": 12
    }
  },
  {
    "id": 164,
    "foodName": "Sweet Potato",
    "foodType": "Vegetable",
    "calories": 105,
    "nutrients": {
      "protein": 2,
      "fat": 0.2,
      "carbohydrates": 24
    }
  },
  {
    "id": 165,
    "foodName": "Tofu",
    "foodType": "Soy Product",
    "calories": 80,
    "nutrients": {
      "protein": 20,
      "fat": 3,
      "carbohydrates": 2
    }
  },
  {
    "id": 166,
    "foodName": "Tomato",
    "foodType": "Vegetable",
    "calories": 22,
    "nutrients": {
      "protein": 1,
      "fat": 0.2,
      "carbohydrates": 5
    }
  },
  {
    "id": 167,
    "foodName": "Tuna",
    "foodType": "Fish",
    "calories": 150,
    "nutrients": {
      "protein": 30,
      "fat": 5,
      "carbohydrates": 0
    }
  },
  {
    "id": 168,
    "foodName": "Turkey Breast",
    "foodType": "Meat",
    "calories": 140,
    "nutrients": {
      "protein": 30,
      "fat": 3,
      "carbohydrates": 0
    }
  },
  {
    "id": 169,
    "foodName": "Udon Noodle",
    "foodType": "Grain",
    "calories": 200,
    "nutrients": {
      "protein": 4,
      "fat": 2,
      "carbohydrates": 40
    }
  }
]
